timestamp,chan_id_in,chan_id_out,amt_in,amt_out,fee,fee_msat,amt_in_msat,amt_out_msat,timestamp_ns,peer_alias_in,peer_alias_out,alias_out,alias_in
10/Oct/2023 00:12,890418601129541632,838646996661829633,49384,49384,0,49,49384049,49384000,1696911177991182974,,,NodeA,NodeB
10/Oct/2023 04:21,877423473146789889,843195676179496960,94216,94216,0,0,94216000,94216000,1696926099073114682,,,NodeC,NodeD
10/Oct/2023 05:25,863922569943187457,877423473146789889,10006,10005,0,250,10006120,10005870,1696929908051162259,,,NodeD,NodeL
10/Oct/2023 05:53,890418601129541632,832334700297977856,100036,100035,0,201,100036005,100035804,1696931582402886632,,,NodeE,NodeB
10/Oct/2023 05:53,890418601129541632,832334700297977856,100036,100035,0,201,100036005,100035804,1696931592567067893,,,NodeE,NodeB
10/Oct/2023 05:53,890418601129541632,832334700297977856,100036,100035,0,201,100036005,100035804,1696931603884683722,,,NodeE,NodeB
10/Oct/2023 05:53,890418601129541632,832334700297977856,100036,100035,0,201,100036005,100035804,1696931613558197905,,,NodeE,NodeB
10/Oct/2023 05:53,890418601129541632,832334700297977856,100036,100035,0,201,100036005,100035804,1696931635072451072,,,NodeE,NodeB
10/Oct/2023 05:59,881523552023150593,832334700297977856,100036,100035,0,201,100036005,100035804,1696931989048929675,,,NodeE,NodeF
10/Oct/2023 06:00,881523552023150593,832334700297977856,100036,100035,0,201,100036005,100035804,1696932008466320194,,,NodeE,NodeF
10/Oct/2023 06:00,881523552023150593,832334700297977856,100036,100035,0,201,100036005,100035804,1696932020675062434,,,NodeE,NodeF
10/Oct/2023 06:00,881523552023150593,832334700297977856,100036,100035,0,201,100036005,100035804,1696932033952767168,,,NodeE,NodeF
10/Oct/2023 06:00,881523552023150593,832334700297977856,100036,100035,0,201,100036005,100035804,1696932048016707715,,,NodeE,NodeF
10/Oct/2023 06:01,881523552023150593,832334700297977856,100036,100035,0,201,100036005,100035804,1696932065356088782,,,NodeE,NodeF
10/Oct/2023 06:01,881523552023150593,832334700297977856,100036,100035,0,201,100036005,100035804,1696932076607483029,,,NodeE,NodeF
10/Oct/2023 06:01,863896181714976769,856987950011580417,140300,140299,0,841,140300045,140299204,1696932102314197029,,,NodeG,NodeH
10/Oct/2023 06:19,856832918957457409,863012174249656321,13481,13481,0,80,13481174,13481094,1696933188851217874,,,NodeI,NodeJ
10/Oct/2023 06:19,856832918957457409,863012174249656321,13473,13473,0,80,13473207,13473127,1696933191245300796,,,NodeI,NodeJ
10/Oct/2023 06:19,856832918957457409,863012174249656321,13524,13524,0,81,13524982,13524901,1696933191245833638,,,NodeI,NodeJ
10/Oct/2023 06:19,856832918957457409,863012174249656321,13473,13473,0,80,13473207,13473127,1696933191246891508,,,NodeI,NodeJ
10/Oct/2023 06:19,856832918957457409,863012174249656321,13532,13532,0,81,13532832,13532751,1696933191247883046,,,NodeI,NodeJ
10/Oct/2023 07:04,865083654163988481,889883139025403905,11,11,0,0,11000,11000,1696935856431257127,,,NodeK,Node1
10/Oct/2023 08:36,863922569943187457,856832918957457409,20006,20006,0,240,20006340,20006100,1696941361006591476,,,NodeJ,NodeL
10/Oct/2023 10:21,863922569943187457,863896181714976769,10005,10004,0,320,10005290,10004970,1696947661911826218,,,NodeH,NodeL
10/Oct/2023 10:24,863922569943187457,890418601129541632,351677,351676,0,703,351677149,351676446,1696947896954601933,,,NodeB,NodeL
10/Oct/2023 11:47,890418601129541632,863108931234758657,37232,37232,0,74,37232190,37232116,1696952867433396310,,,NodeM,NodeB
10/Oct/2023 12:38,851739981071712257,856832918957457409,50001,50000,1,1250,50001250,50000000,1696955922143042286,,,NodeJ,NodeN
10/Oct/2023 13:55,863922569943187457,886364701783621633,40019,40019,0,240,40019721,40019481,1696960541655606250,,,NodeO,NodeL
10/Oct/2023 14:00,863012174249656321,886364701783621633,73150,73149,0,438,73150376,73149938,1696960800798689825,,,NodeO,NodeI
10/Oct/2023 14:07,863012174249656321,886364701783621633,82451,82450,0,494,82451221,82450727,1696961258686244040,,,NodeO,NodeI
10/Oct/2023 15:46,866805489422368769,890418601129541632,14644,14644,0,29,14644337,14644308,1696967163045389138,,,NodeB,NodeP
10/Oct/2023 15:46,866805489422368769,890418601129541632,17719,17719,0,35,17719038,17719003,1696967176992230708,,,NodeB,NodeP
10/Oct/2023 15:54,866805489422368769,890418601129541632,14644,14644,0,29,14644337,14644308,1696967647886631916,,,NodeB,NodeP
10/Oct/2023 15:54,866805489422368769,890418601129541632,17719,17719,0,35,17719038,17719003,1696967659834841006,,,NodeB,NodeP
10/Oct/2023 17:21,863922569943187457,865105644358467585,20001,20000,1,1620,20001909,20000289,1696972906578987929,,,NodeQ,NodeL
10/Oct/2023 17:22,863922569943187457,865105644358467585,20001,20000,1,1620,20001909,20000289,1696972935184980768,,,NodeQ,NodeL
10/Oct/2023 17:22,863922569943187457,865105644358467585,20001,20000,1,1620,20001909,20000289,1696972937092386789,,,NodeQ,NodeL
10/Oct/2023 17:22,863922569943187457,865105644358467585,20001,20000,1,1620,20001909,20000289,1696972938615661138,,,NodeQ,NodeL
10/Oct/2023 17:22,863922569943187457,865105644358467585,20001,20000,1,1620,20001909,20000289,1696972943466259358,,,NodeQ,NodeL
10/Oct/2023 17:56,831217596528721921,881122230339371010,11,11,0,0,11975,11975,1696975010081368057,,,NodeS,NodeT
10/Oct/2023 20:41,863012174249656321,832334700297977856,85961,85959,2,2148,85961942,85959794,1696984915849421583,,,NodeE,NodeI
10/Oct/2023 21:21,881523552023150593,890365824652869632,76968,76968,0,0,76968398,76968398,1696987294466030040,,,NodeR,NodeF
10/Oct/2023 21:57,863012174249656321,866805489422368769,92320,92319,1,1108,92320108,92319000,1696989440871371890,,,NodeP,NodeI
11/Oct/2023 00:45,877423473146789889,881523552023150593,30213,30213,0,664,30213679,30213015,1696999521582366529,,,NodeF,NodeD
11/Oct/2023 02:18,863922569943187457,863896181714976769,20007,20007,0,500,20007940,20007440,1697005115660657775,,,NodeH,NodeL
11/Oct/2023 02:18,863922569943187457,863896181714976769,20007,20007,0,500,20007940,20007440,1697005118452809200,,,NodeH,NodeL
11/Oct/2023 02:25,863922569943187457,863896181714976769,10001,10001,0,250,10001670,10001420,1697005552979070065,,,NodeH,NodeL
11/Oct/2023 02:25,863922569943187457,863896181714976769,10001,10001,0,250,10001670,10001420,1697005556508750074,,,NodeH,NodeL
11/Oct/2023 02:26,863922569943187457,863896181714976769,10001,10001,0,250,10001670,10001420,1697005562263404083,,,NodeH,NodeL
11/Oct/2023 02:26,863922569943187457,863896181714976769,10001,10001,0,250,10001670,10001420,1697005568429532534,,,NodeH,NodeL
11/Oct/2023 02:26,863922569943187457,863896181714976769,10001,10001,0,250,10001670,10001420,1697005574111173533,,,NodeH,NodeL
11/Oct/2023 02:27,863922569943187457,863896181714976769,10003,10003,0,250,10003970,10003720,1697005668347579498,,,NodeH,NodeL
11/Oct/2023 02:27,863922569943187457,863896181714976769,10003,10003,0,250,10003970,10003720,1697005672368956756,,,NodeH,NodeL
11/Oct/2023 02:27,863922569943187457,863896181714976769,10003,10003,0,250,10003970,10003720,1697005675579586627,,,NodeH,NodeL
11/Oct/2023 02:27,863922569943187457,863896181714976769,10003,10003,0,250,10003970,10003720,1697005675889340186,,,NodeH,NodeL
11/Oct/2023 02:42,863012174249656321,890418601129541632,143157,143157,0,286,143157877,143157591,1697006561175080478,,,NodeB,NodeI
11/Oct/2023 02:47,863012174249656321,890418601129541632,70906,70906,0,141,70906467,70906326,1697006869603151387,,,NodeB,NodeI
11/Oct/2023 03:15,863922569943187457,877423473146789889,20001,20000,0,500,20001149,20000649,1697008512373060395,,,NodeD,NodeL
11/Oct/2023 04:57,863012174249656321,881523552023150593,30268,30267,0,756,30268039,30267283,1697014621694676627,,,NodeF,NodeI
11/Oct/2023 06:27,863922569943187457,842893310596874240,2,2,0,0,2000,2000,1697020036586451003,,,NodeU,NodeL
11/Oct/2023 07:50,890365824652869632,890418601129541632,79093,79091,1,1977,79093139,79091162,1697025019462077095,,,NodeB,NodeR
11/Oct/2023 07:54,832334700297977856,881523552023150593,10544,10544,0,263,10544273,10544010,1697025240329220864,,,NodeF,NodeE
11/Oct/2023 07:54,832334700297977856,881523552023150593,10544,10544,0,263,10544273,10544010,1697025240758165175,,,NodeF,NodeE
11/Oct/2023 08:23,832334700297977856,856987950011580417,31063,31063,0,186,31063292,31063106,1697027009687093898,,,NodeG,NodeE
11/Oct/2023 08:23,832334700297977856,856987950011580417,37585,37585,0,225,37585983,37585758,1697027020193259232,,,NodeG,NodeE
11/Oct/2023 08:23,832334700297977856,856987950011580417,45478,45478,0,272,45478819,45478547,1697027031584552736,,,NodeG,NodeE
11/Oct/2023 08:23,832334700297977856,856987950011580417,55028,55028,0,330,55028832,55028502,1697027038511398353,,,NodeG,NodeE
11/Oct/2023 08:24,832334700297977856,856987950011580417,66584,66583,0,399,66584056,66583657,1697027045532219862,,,NodeG,NodeE
11/Oct/2023 08:24,832334700297977856,856987950011580417,80566,80566,0,483,80566538,80566055,1697027052625188224,,,NodeG,NodeE
11/Oct/2023 08:24,832334700297977856,856987950011580417,97485,97484,0,584,97485331,97484747,1697027059487501639,,,NodeG,NodeE
11/Oct/2023 08:24,881523552023150593,856987950011580417,117956,117955,0,707,117956501,117955794,1697027099198211844,,,NodeG,NodeF
11/Oct/2023 08:26,881523552023150593,856987950011580417,71363,71363,0,428,71363563,71363135,1697027205459746374,,,NodeG,NodeF
11/Oct/2023 08:28,832334700297977856,856987950011580417,43174,43174,0,259,43174576,43174317,1697027311286816669,,,NodeG,NodeE
11/Oct/2023 09:48,863922569943187457,881523552023150593,10006,10006,0,250,10006470,10006220,1697032101866239509,,,NodeF,NodeL
11/Oct/2023 10:11,863108931234758657,863012174249656321,13192,13192,0,26,13192026,13192000,1697033481132518730,,,NodeI,NodeM
11/Oct/2023 10:12,863922569943187457,881523552023150593,10006,10006,0,250,10006470,10006220,1697033535431691959,,,NodeF,NodeL
11/Oct/2023 10:29,890418601129541632,863922569943187457,682460,682456,4,4094,682460094,682456000,1697034578519770176,,,NodeL,NodeB
11/Oct/2023 11:21,838646996661829633,881523552023150593,244749,244743,6,6118,244749990,244743872,1697037699698445427,,,NodeF,NodeA
11/Oct/2023 13:59,838461179112128513,842893310596874240,1227,1227,0,30,1227264,1227234,1697047192355261560,,,NodeU,NodeV
11/Oct/2023 14:01,863922569943187457,849403518862688256,34592,34592,0,0,34592648,34592648,1697047307153560428,,,NodeW,NodeL
11/Oct/2023 14:27,863922569943187457,849403518862688256,13783,13783,0,565,13783671,13783106,1697048847995676795,,,NodeW,NodeL
11/Oct/2023 14:38,863922569943187457,849403518862688256,12485,12484,0,511,12485418,12484907,1697049501248382307,,,NodeW,NodeL
11/Oct/2023 14:42,863922569943187457,849403518862688256,13580,13580,0,556,13580644,13580088,1697049734303728475,,,NodeW,NodeL
11/Oct/2023 14:46,877423473146789889,886364701783621633,69423,69422,0,416,69423367,69422951,1697049996872808313,,,NodeO,NodeD
11/Oct/2023 14:46,849403518862688256,886364701783621633,997,997,0,5,997014,997009,1697050008014057751,,,NodeO,NodeW
11/Oct/2023 14:46,849403518862688256,886364701783621633,997,997,0,5,997014,997009,1697050017699679920,,,NodeO,NodeW
11/Oct/2023 14:47,849403518862688256,886364701783621633,997,997,0,5,997014,997009,1697050027906801918,,,NodeO,NodeW
11/Oct/2023 14:47,849403518862688256,886364701783621633,997,997,0,5,997014,997009,1697050056671232092,,,NodeO,NodeW
11/Oct/2023 14:47,849403518862688256,886364701783621633,997,997,0,5,997014,997009,1697050072804958437,,,NodeO,NodeW
11/Oct/2023 14:48,849403518862688256,886364701783621633,997,997,0,5,997014,997009,1697050089252872343,,,NodeO,NodeW
11/Oct/2023 14:48,849403518862688256,886364701783621633,997,997,0,5,997014,997009,1697050099729978407,,,NodeO,NodeW
11/Oct/2023 14:48,849403518862688256,886364701783621633,997,997,0,5,997014,997009,1697050125395824399,,,NodeO,NodeW
11/Oct/2023 14:48,849403518862688256,886364701783621633,997,997,0,5,997014,997009,1697050134731992423,,,NodeO,NodeW
11/Oct/2023 14:49,849403518862688256,886364701783621633,997,997,0,5,997014,997009,1697050144417445375,,,NodeO,NodeW
11/Oct/2023 14:49,849403518862688256,886364701783621633,997,997,0,5,997014,997009,1697050154080992656,,,NodeO,NodeW
11/Oct/2023 14:49,849403518862688256,886364701783621633,997,997,0,5,997014,997009,1697050172333393602,,,NodeO,NodeW
11/Oct/2023 14:50,849403518862688256,886364701783621633,997,997,0,5,997014,997009,1697050227476090525,,,NodeO,NodeW
11/Oct/2023 14:50,849403518862688256,886364701783621633,997,997,0,5,997014,997009,1697050240391058997,,,NodeO,NodeW
11/Oct/2023 14:50,849403518862688256,886364701783621633,997,997,0,5,997014,997009,1697050250263477387,,,NodeO,NodeW
11/Oct/2023 14:51,849403518862688256,886364701783621633,997,997,0,5,997014,997009,1697050261297044562,,,NodeO,NodeW
11/Oct/2023 14:51,849403518862688256,886364701783621633,997,997,0,5,997014,997009,1697050271216443866,,,NodeO,NodeW
11/Oct/2023 14:51,849403518862688256,886364701783621633,997,997,0,5,997014,997009,1697050281040507002,,,NodeO,NodeW
11/Oct/2023 14:51,849403518862688256,886364701783621633,997,997,0,5,997014,997009,1697050292114531109,,,NodeO,NodeW
11/Oct/2023 14:51,849403518862688256,886364701783621633,997,997,0,5,997014,997009,1697050303259381342,,,NodeO,NodeW
11/Oct/2023 15:09,863922569943187457,886364701783621633,80041,80041,0,480,80041560,80041080,1697051366906385077,,,NodeO,NodeL
11/Oct/2023 15:09,863922569943187457,886364701783621633,80041,80041,0,480,80041560,80041080,1697051371978065092,,,NodeO,NodeL
11/Oct/2023 15:09,863922569943187457,886364701783621633,80041,80041,0,480,80041560,80041080,1697051377365770265,,,NodeO,NodeL
11/Oct/2023 16:05,820598513184735233,866805489422368769,5,5,0,0,5000,5000,1697054733430954191,,,NodeP,NodeX
11/Oct/2023 18:23,877423473146789889,863922569943187457,962852,962847,5,5777,962852777,962847000,1697062993248205571,,,NodeL,NodeD
11/Oct/2023 18:43,863108931234758657,881122230339371010,5138,5138,0,15,5138025,5138010,1697064186454443132,,,NodeS,NodeM
11/Oct/2023 18:43,863108931234758657,881122230339371010,5138,5138,0,15,5138025,5138010,1697064193921877465,,,NodeS,NodeM
11/Oct/2023 18:43,863108931234758657,881122230339371010,5138,5138,0,15,5138025,5138010,1697064201201847401,,,NodeS,NodeM
11/Oct/2023 20:42,863922569943187457,849403518862688256,5156,5156,0,128,5156390,5156262,1697071363691794827,,,NodeW,NodeL
11/Oct/2023 20:42,863922569943187457,849403518862688256,6238,6238,0,155,6238682,6238527,1697071369511539167,,,NodeW,NodeL
11/Oct/2023 20:53,863922569943187457,849403518862688256,6761,6761,0,169,6761841,6761672,1697072001236560245,,,NodeW,NodeL
11/Oct/2023 21:26,849403518862688256,832334700297977856,4799,4799,0,9,4799017,4799008,1697073983786793098,,,NodeE,NodeW
11/Oct/2023 21:26,849403518862688256,832334700297977856,4799,4799,0,9,4799017,4799008,1697073995750754618,,,NodeE,NodeW
11/Oct/2023 21:26,849403518862688256,832334700297977856,4799,4799,0,9,4799017,4799008,1697074007711386600,,,NodeE,NodeW
11/Oct/2023 21:26,849403518862688256,832334700297977856,4799,4799,0,9,4799017,4799008,1697074017663965090,,,NodeE,NodeW
11/Oct/2023 21:27,849403518862688256,832334700297977856,4799,4799,0,9,4799017,4799008,1697074027476685574,,,NodeE,NodeW
11/Oct/2023 21:27,849403518862688256,832334700297977856,4799,4799,0,9,4799017,4799008,1697074039481311437,,,NodeE,NodeW
11/Oct/2023 21:27,849403518862688256,832334700297977856,4799,4799,0,9,4799017,4799008,1697074050337544580,,,NodeE,NodeW
11/Oct/2023 21:27,849403518862688256,832334700297977856,4799,4799,0,9,4799017,4799008,1697074073366224211,,,NodeE,NodeW
11/Oct/2023 21:28,849403518862688256,832334700297977856,4799,4799,0,9,4799017,4799008,1697074091797025405,,,NodeE,NodeW
11/Oct/2023 21:28,849403518862688256,832334700297977856,4799,4799,0,9,4799017,4799008,1697074103711107395,,,NodeE,NodeW
11/Oct/2023 21:28,849403518862688256,832334700297977856,4799,4799,0,9,4799017,4799008,1697074116942313255,,,NodeE,NodeW
11/Oct/2023 21:28,849403518862688256,832334700297977856,4799,4799,0,9,4799017,4799008,1697074128490918930,,,NodeE,NodeW
11/Oct/2023 21:28,849403518862688256,832334700297977856,4799,4799,0,9,4799017,4799008,1697074138258551093,,,NodeE,NodeW
11/Oct/2023 21:29,849403518862688256,832334700297977856,4799,4799,0,9,4799017,4799008,1697074148056018100,,,NodeE,NodeW
11/Oct/2023 21:29,849403518862688256,832334700297977856,4799,4799,0,9,4799017,4799008,1697074158981891455,,,NodeE,NodeW
11/Oct/2023 21:47,863922569943187457,849403518862688256,2972,2972,0,74,2972801,2972727,1697075246351574324,,,NodeW,NodeL
11/Oct/2023 23:26,863922569943187457,881523552023150593,17031,17030,0,425,17031403,17030978,1697081201971446959,,,NodeF,NodeL
11/Oct/2023 23:26,863922569943187457,881523552023150593,17031,17030,0,425,17031403,17030978,1697081202110272453,,,NodeF,NodeL
12/Oct/2023 01:22,863922569943187457,856832918957457409,40000,40000,0,120,40000280,40000160,1697088156852991398,,,NodeJ,NodeL
12/Oct/2023 01:22,863922569943187457,856832918957457409,40000,40000,0,120,40000280,40000160,1697088160382458595,,,NodeJ,NodeL
12/Oct/2023 01:22,863922569943187457,856832918957457409,40000,40000,0,120,40000280,40000160,1697088163348744602,,,NodeJ,NodeL
12/Oct/2023 01:22,863922569943187457,856832918957457409,40000,40000,0,120,40000280,40000160,1697088166719017905,,,NodeJ,NodeL
12/Oct/2023 01:22,863922569943187457,856832918957457409,40000,40000,0,120,40000280,40000160,1697088171736878094,,,NodeJ,NodeL
12/Oct/2023 01:25,863922569943187457,856832918957457409,20000,20000,0,60,20000140,20000080,1697088337558606547,,,NodeJ,NodeL
12/Oct/2023 01:25,863922569943187457,856832918957457409,20000,20000,0,60,20000140,20000080,1697088357953661529,,,NodeJ,NodeL
12/Oct/2023 01:25,863922569943187457,856832918957457409,20000,20000,0,60,20000140,20000080,1697088359277722766,,,NodeJ,NodeL
12/Oct/2023 01:26,863922569943187457,856832918957457409,20000,20000,0,60,20000140,20000080,1697088362092057342,,,NodeJ,NodeL
12/Oct/2023 01:39,863922569943187457,849403518862688256,13964,13963,0,349,13964340,13963991,1697089190490263542,,,NodeW,NodeL
12/Oct/2023 03:45,856832918957457409,832334700297977856,196296,196295,0,392,196296354,196295962,1697096748001662057,,,NodeE,NodeJ
12/Oct/2023 03:47,856832918957457409,832334700297977856,104638,104638,0,209,104638255,104638046,1697096849285841305,,,NodeE,NodeJ
12/Oct/2023 03:47,856832918957457409,832334700297977856,196296,196295,0,392,196296354,196295962,1697096850462732081,,,NodeE,NodeJ
12/Oct/2023 04:08,863922569943187457,890418601129541632,10006,10005,0,250,10006070,10005820,1697098113347415127,,,NodeB,NodeL
12/Oct/2023 04:08,863922569943187457,890418601129541632,10006,10005,0,250,10006070,10005820,1697098116912119912,,,NodeB,NodeL
12/Oct/2023 04:09,863922569943187457,890418601129541632,20011,20011,0,500,20011890,20011390,1697098173516742850,,,NodeB,NodeL
12/Oct/2023 05:20,820598513184735233,866805489422368769,2,2,0,0,2000,2000,1697102441357720306,,,NodeP,NodeX
12/Oct/2023 05:49,890418601129541632,889711615170117633,7,7,0,0,7007,7007,1697104179576068626,,,NodeY,NodeB
12/Oct/2023 09:41,849403518862688256,856987950011580417,12791,12791,0,153,12791432,12791279,1697118087972071262,,,NodeG,NodeW
12/Oct/2023 09:41,863922569943187457,856987950011580417,12791,12791,0,153,12791432,12791279,1697118088195843593,,,NodeG,NodeL
12/Oct/2023 09:48,863922569943187457,856987950011580417,12726,12726,0,152,12726424,12726272,1697118495640536791,,,NodeG,NodeL
12/Oct/2023 09:48,832334700297977856,856987950011580417,15271,15271,0,183,15271710,15271527,1697118495784624911,,,NodeG,NodeE
12/Oct/2023 09:48,863922569943187457,856987950011580417,12726,12726,0,152,12726424,12726272,1697118495785039348,,,NodeG,NodeL
12/Oct/2023 10:08,890418601129541632,889711615170117633,7,7,0,0,7007,7007,1697119690846617408,,,NodeY,NodeB
12/Oct/2023 11:34,890418601129541632,889711615170117633,7,7,0,0,7007,7007,1697124879049985386,,,NodeY,NodeB
12/Oct/2023 14:27,863922569943187457,890418601129541632,14420,14420,0,360,14420880,14420520,1697135230201365994,,,NodeB,NodeL
12/Oct/2023 14:56,863922569943187457,849403518862688256,6035,6035,0,150,6035205,6035055,1697136990430974075,,,NodeW,NodeL
12/Oct/2023 14:56,863922569943187457,849403518862688256,7302,7302,0,182,7302334,7302152,1697137006395264489,,,NodeW,NodeL
12/Oct/2023 14:56,863922569943187457,849403518862688256,8835,8835,0,220,8835243,8835023,1697137019792781760,,,NodeW,NodeL
12/Oct/2023 15:05,863922569943187457,849403518862688256,6549,6549,0,163,6549886,6549723,1697137511274579162,,,NodeW,NodeL
12/Oct/2023 15:46,863922569943187457,886364701783621633,98625,98624,1,1183,98625761,98624578,1697139998526119703,,,NodeO,NodeL
12/Oct/2023 16:06,877423473146789889,863922569943187457,72024,72024,0,432,72024955,72024523,1697141165428430199,,,NodeL,NodeD
12/Oct/2023 16:14,877423473146789889,863922569943187457,1103814,1103808,6,6622,1103814622,1103808000,1697141678914915161,,,NodeL,NodeD
12/Oct/2023 16:25,849403518862688256,863012174249656321,12281,12281,0,0,12281000,12281000,1697142323625697973,,,NodeI,NodeW
12/Oct/2023 16:25,849403518862688256,863012174249656321,14860,14860,0,0,14860000,14860000,1697142336769618776,,,NodeI,NodeW
12/Oct/2023 16:38,889711615170117633,881523552023150593,1,1,0,1,1001,1000,1697143093818081428,,,NodeF,NodeY
12/Oct/2023 17:16,881523552023150593,838646996661829633,75150,75150,0,75,75150075,75150000,1697145407770421936,,,NodeA,NodeF
12/Oct/2023 17:17,881523552023150593,838646996661829633,45465,45465,0,45,45465045,45465000,1697145475079004617,,,NodeA,NodeF
12/Oct/2023 19:24,863922569943187457,849403518862688256,20011,20010,0,500,20011440,20010940,1697153057104494926,,,NodeW,NodeL
12/Oct/2023 19:24,863922569943187457,849403518862688256,20011,20010,0,500,20011440,20010940,1697153070103047614,,,NodeW,NodeL
12/Oct/2023 20:26,849403518862688256,851739981071712257,4332,4332,0,51,4332141,4332090,1697156790325614589,,,NodeN,NodeW
13/Oct/2023 02:16,849403518862688256,890418601129541632,9915,9915,0,247,9915389,9915142,1697177760422234285,,,NodeB,NodeW
13/Oct/2023 02:16,849403518862688256,890418601129541632,11996,11996,0,299,11996615,11996316,1697177771230003972,,,NodeB,NodeW
13/Oct/2023 02:24,832334700297977856,890418601129541632,98336,98333,2,2458,98336365,98333907,1697178243185591170,,,NodeB,NodeE
13/Oct/2023 02:24,832334700297977856,890418601129541632,295004,294997,7,7374,295004479,294997105,1697178273375973791,,,NodeB,NodeE
13/Oct/2023 02:30,832334700297977856,890418601129541632,25067,25066,0,626,25067028,25066402,1697178615855704700,,,NodeB,NodeE
13/Oct/2023 02:32,863922569943187457,890418601129541632,11472,11472,0,286,11472936,11472650,1697178764901277699,,,NodeB,NodeL
13/Oct/2023 02:32,832334700297977856,890418601129541632,17005,17004,0,425,17005112,17004687,1697178768641778137,,,NodeB,NodeE
13/Oct/2023 04:39,832334700297977856,856832918957457409,40001,40001,0,40,40001320,40001280,1697186380551770895,,,NodeJ,NodeE
13/Oct/2023 09:36,863922569943187457,849403518862688256,20011,20011,0,500,20011842,20011342,1697204198224378092,,,NodeW,NodeL
13/Oct/2023 09:36,863922569943187457,849403518862688256,20011,20011,0,500,20011842,20011342,1697204202767916441,,,NodeW,NodeL
13/Oct/2023 09:36,863922569943187457,849403518862688256,20011,20011,0,500,20011842,20011342,1697204205613923980,,,NodeW,NodeL
13/Oct/2023 09:52,849403518862688256,877423473146789889,33110,33110,0,198,33110727,33110529,1697205150126024153,,,NodeD,NodeW
13/Oct/2023 11:12,856832918957457409,863922569943187457,949727,949722,5,5698,949727698,949722000,1697209942122424281,,,NodeL,NodeJ
13/Oct/2023 11:18,856832918957457409,863108931234758657,675876,675876,0,0,675876654,675876654,1697210282237868314,,,NodeM,NodeJ
13/Oct/2023 11:26,863108931234758657,877423473146789889,49975,49973,1,1249,49975048,49973799,1697210780407855313,,,NodeD,NodeM
13/Oct/2023 11:26,863108931234758657,877423473146789889,60469,60467,1,1511,60469478,60467967,1697210799961375089,,,NodeD,NodeM
13/Oct/2023 11:26,863108931234758657,877423473146789889,73167,73166,1,1829,73167999,73166170,1697210818460400847,,,NodeD,NodeM
13/Oct/2023 11:28,881523552023150593,856987950011580417,26165,26165,0,313,26165429,26165116,1697210882644333692,,,NodeG,NodeF
13/Oct/2023 11:28,832334700297977856,856987950011580417,15699,15699,0,188,15699257,15699069,1697210882682040368,,,NodeG,NodeE
13/Oct/2023 12:08,881523552023150593,856987950011580417,43234,43234,0,518,43234841,43234323,1697213290914178503,,,NodeG,NodeF
13/Oct/2023 12:12,832334700297977856,856987950011580417,22132,22132,0,265,22132478,22132213,1697213548144871541,,,NodeG,NodeE
13/Oct/2023 12:12,832334700297977856,856987950011580417,22132,22132,0,265,22132478,22132213,1697213548233494605,,,NodeG,NodeE
13/Oct/2023 13:02,863108931234758657,832334700297977856,9967,9967,0,19,9967894,9967875,1697216528672951825,,,NodeE,NodeM
13/Oct/2023 13:02,863108931234758657,832334700297977856,69775,69775,0,139,69775277,69775138,1697216543339399757,,,NodeE,NodeM
13/Oct/2023 13:02,863108931234758657,832334700297977856,19935,19935,0,39,19935791,19935752,1697216562168384487,,,NodeE,NodeM
13/Oct/2023 13:03,863108931234758657,832334700297977856,17402,17402,0,34,17402060,17402026,1697216588424097494,,,NodeE,NodeM
13/Oct/2023 13:03,863108931234758657,832334700297977856,121814,121814,0,243,121814428,121814185,1697216604390983947,,,NodeE,NodeM
13/Oct/2023 13:04,863108931234758657,832334700297977856,34804,34804,0,69,34804226,34804157,1697216648030390814,,,NodeE,NodeM
13/Oct/2023 13:04,863108931234758657,832334700297977856,17402,17402,0,34,17402112,17402078,1697216664898130562,,,NodeE,NodeM
13/Oct/2023 13:43,863108931234758657,832334700297977856,92155,92155,0,184,92155540,92155356,1697219039588299435,,,NodeE,NodeM
13/Oct/2023 13:44,863108931234758657,832334700297977856,92155,92155,0,184,92155540,92155356,1697219075959377121,,,NodeE,NodeM
13/Oct/2023 14:48,863922569943187457,890418601129541632,10005,10004,0,410,10005340,10004930,1697222923781207505,,,NodeB,NodeL
13/Oct/2023 15:21,863108931234758657,832334700297977856,10957,10957,0,21,10957757,10957736,1697224917952817585,,,NodeE,NodeM
13/Oct/2023 16:22,877423473146789889,890418601129541632,3270,3270,0,134,3270415,3270281,1697228550073664639,,,NodeB,NodeD
13/Oct/2023 16:40,849403518862688256,886364701783621633,37125,37125,0,445,37125807,37125362,1697229642275644733,,,NodeO,NodeW
13/Oct/2023 16:55,881523552023150593,886364701783621633,67895,67894,0,814,67895176,67894362,1697230512091528013,,,NodeO,NodeF
13/Oct/2023 17:55,863922569943187457,849403518862688256,10006,10006,0,250,10006921,10006671,1697234126541819250,,,NodeW,NodeL
13/Oct/2023 18:36,863922569943187457,877423473146789889,100040,100038,2,2500,100040740,100038240,1697236589932584237,,,NodeD,NodeL
13/Oct/2023 20:04,877423473146789889,838646996661829633,79101,79101,0,79,79101079,79101000,1697241897081165983,,,NodeA,NodeD
13/Oct/2023 20:06,851739981071712257,838646996661829633,47856,47856,0,47,47856047,47856000,1697241998600159375,,,NodeA,NodeN
13/Oct/2023 20:06,851739981071712257,838646996661829633,57905,57905,0,57,57905057,57905000,1697242014744983556,,,NodeA,NodeN
13/Oct/2023 20:07,851739981071712257,838646996661829633,70065,70065,0,70,70065070,70065000,1697242023539455414,,,NodeA,NodeN
13/Oct/2023 20:41,881523552023150593,838646996661829633,35170,35168,2,2848,35170848,35168000,1697244066948732569,,,NodeA,NodeF
13/Oct/2023 20:41,881523552023150593,838646996661829633,42556,42553,3,3446,42556446,42553000,1697244074835681838,,,NodeA,NodeF
13/Oct/2023 22:39,863922569943187457,849403518862688256,10007,10007,0,250,10007311,10007061,1697251150141822057,,,NodeW,NodeL
13/Oct/2023 23:59,863108931234758657,832334700297977856,8788,8788,0,17,8788288,8788271,1697255979662351810,,,NodeE,NodeM
14/Oct/2023 02:14,881122230339371010,890418601129541632,5002,5001,0,205,5002165,5001960,1697264073983591370,,,NodeB,NodeS
14/Oct/2023 02:39,849403518862688256,863012174249656321,11618,11618,0,0,11618438,11618438,1697265567615552315,,,NodeI,NodeW
14/Oct/2023 02:39,877423473146789889,863012174249656321,11618,11618,0,0,11618437,11618437,1697265567799246741,,,NodeI,NodeD
14/Oct/2023 02:39,881523552023150593,863012174249656321,23236,23236,0,0,23236875,23236875,1697265567800521719,,,NodeI,NodeF
14/Oct/2023 02:39,849403518862688256,863012174249656321,15491,15491,0,0,15491250,15491250,1697265567800940601,,,NodeI,NodeW
14/Oct/2023 04:24,881122230339371010,890418601129541632,5002,5001,0,205,5002170,5001965,1697271860927464334,,,NodeB,NodeS
14/Oct/2023 05:25,881122230339371010,890418601129541632,5002,5001,0,205,5002170,5001965,1697275541032547970,,,NodeB,NodeS
14/Oct/2023 05:25,881122230339371010,890418601129541632,5002,5001,0,205,5002170,5001965,1697275543690115818,,,NodeB,NodeS
14/Oct/2023 05:26,881122230339371010,890418601129541632,2501,2500,0,102,2501084,2500982,1697275560150471682,,,NodeB,NodeS
14/Oct/2023 06:04,881122230339371010,890418601129541632,10004,10003,0,410,10004340,10003930,1697277847068180641,,,NodeB,NodeS
14/Oct/2023 06:04,881122230339371010,890418601129541632,5002,5001,0,205,5002170,5001965,1697277889447919692,,,NodeB,NodeS
14/Oct/2023 06:36,863922569943187457,890418601129541632,10005,10004,0,410,10005350,10004940,1697279774470120752,,,NodeB,NodeL
14/Oct/2023 06:56,863922569943187457,890418601129541632,5002,5001,0,205,5002170,5001965,1697280961612460654,,,NodeB,NodeL
14/Oct/2023 06:59,863922569943187457,890418601129541632,2501,2500,0,102,2501084,2500982,1697281175906900824,,,NodeB,NodeL
14/Oct/2023 08:41,881122230339371010,890418601129541632,5002,5001,0,205,5002170,5001965,1697287297029275414,,,NodeB,NodeS
14/Oct/2023 08:41,881122230339371010,890418601129541632,2501,2500,0,102,2501084,2500982,1697287308121218521,,,NodeB,NodeS
14/Oct/2023 09:41,877423473146789889,863922569943187457,307583,307582,1,1845,307583845,307582000,1697290868813248028,,,NodeL,NodeD
14/Oct/2023 10:08,863922569943187457,849403518862688256,10006,10006,0,250,10006291,10006041,1697292483005116621,,,NodeW,NodeL
14/Oct/2023 11:31,890418601129541632,843195676179496960,83998,83998,0,0,83998000,83998000,1697297490182712199,,,NodeC,NodeB
14/Oct/2023 11:33,890418601129541632,843195676179496960,54092,54092,0,0,54092000,54092000,1697297630044462104,,,NodeC,NodeB
14/Oct/2023 11:34,890418601129541632,843195676179496960,50818,50818,0,0,50818000,50818000,1697297644509529486,,,NodeC,NodeB
14/Oct/2023 14:28,863012174249656321,877423473146789889,91068,91065,2,2276,91068130,91065854,1697308122650213410,,,NodeD,NodeI
14/Oct/2023 15:12,863922569943187457,856832918957457409,79551,79551,0,0,79551457,79551457,1697310738546919021,,,NodeJ,NodeL
14/Oct/2023 15:21,849403518862688256,863896181714976769,1185,1185,0,14,1185211,1185197,1697311262265062316,,,NodeH,NodeW
14/Oct/2023 15:21,849403518862688256,863896181714976769,1433,1433,0,17,1433256,1433239,1697311267860076825,,,NodeH,NodeW
14/Oct/2023 15:21,849403518862688256,863896181714976769,1733,1733,0,20,1733309,1733289,1697311272818508508,,,NodeH,NodeW
14/Oct/2023 16:21,890418601129541632,850626175853264897,87901,87901,0,87,87901359,87901272,1697314890730748626,,,NodeZ,NodeB
14/Oct/2023 16:27,890418601129541632,832334700297977856,310017,310009,7,7750,310017570,310009820,1697315252181939271,,,NodeE,NodeB
14/Oct/2023 16:29,890418601129541632,877423473146789889,37414,37413,0,935,37414533,37413598,1697315359305348925,,,NodeD,NodeB
14/Oct/2023 16:37,863922569943187457,849403518862688256,96827,96824,2,2420,96827189,96824769,1697315871279653421,,,NodeW,NodeL
14/Oct/2023 16:53,863922569943187457,890418601129541632,10004,10003,0,410,10004340,10003930,1697316795554313844,,,NodeB,NodeL
14/Oct/2023 16:53,863922569943187457,890418601129541632,2501,2500,0,102,2501084,2500982,1697316802617788997,,,NodeB,NodeL
14/Oct/2023 16:53,863922569943187457,890418601129541632,2501,2500,0,102,2501084,2500982,1697316810098684723,,,NodeB,NodeL
14/Oct/2023 16:54,863922569943187457,890418601129541632,2501,2500,0,102,2501084,2500982,1697316851703800426,,,NodeB,NodeL
14/Oct/2023 16:55,863922569943187457,890418601129541632,1250,1250,0,51,1250542,1250491,1697316938768387937,,,NodeB,NodeL
14/Oct/2023 17:15,863922569943187457,881122230339371010,94104,94103,1,1129,94104567,94103438,1697318150958111329,,,NodeS,NodeL
14/Oct/2023 18:10,849403518862688256,877423473146789889,27142,27141,0,678,27142112,27141434,1697321426192028352,,,NodeD,NodeW
14/Oct/2023 18:10,849403518862688256,877423473146789889,32841,32840,0,821,32841346,32840525,1697321440462434979,,,NodeD,NodeW
14/Oct/2023 18:25,863922569943187457,856832918957457409,86643,86639,3,3552,86643235,86639683,1697322330828237155,,,NodeJ,NodeL
14/Oct/2023 18:45,863922569943187457,856832918957457409,57010,57008,2,2337,57010594,57008257,1697323543475334943,,,NodeJ,NodeL
14/Oct/2023 19:03,849403518862688256,890418601129541632,15065,15064,0,617,15065365,15064748,1697324586020844539,,,NodeB,NodeW
14/Oct/2023 19:29,849403518862688256,890418601129541632,9274,9274,0,380,9274821,9274441,1697326147911024661,,,NodeB,NodeW
14/Oct/2023 19:42,863922569943187457,886364701783621633,102238,102237,1,1226,102238868,102237642,1697326976947345747,,,NodeO,NodeL
14/Oct/2023 19:50,863922569943187457,886364701783621633,97765,97764,1,1173,97765417,97764244,1697327458477189500,,,NodeO,NodeL
14/Oct/2023 20:33,832334700297977856,851739981071712257,5000,5000,0,30,5000130,5000100,1697329983431374309,,,NodeN,NodeE
14/Oct/2023 20:37,863108931234758657,851739981071712257,4359,4359,0,26,4359348,4359322,1697330233347167994,,,NodeN,NodeM
14/Oct/2023 20:50,832334700297977856,851739981071712257,5000,5000,0,30,5000130,5000100,1697331007870254365,,,NodeN,NodeE
14/Oct/2023 20:50,832334700297977856,851739981071712257,2500,2500,0,15,2500065,2500050,1697331009026740114,,,NodeN,NodeE
14/Oct/2023 21:06,879928160702300160,890418601129541632,20006,20005,0,820,20006300,20005480,1697331981919272687,,,NodeB,Satbase.org
14/Oct/2023 21:06,832334700297977856,851739981071712257,10000,10000,0,60,10000260,10000200,1697332017185863433,,,NodeN,NodeE
14/Oct/2023 21:07,832334700297977856,851739981071712257,2500,2500,0,15,2500065,2500050,1697332052023703589,,,NodeN,NodeE
14/Oct/2023 21:07,863922569943187457,890418601129541632,2500,2500,0,102,2500787,2500685,1697332056254416470,,,NodeB,NodeL
14/Oct/2023 21:08,863922569943187457,890418601129541632,1250,1250,0,51,1250393,1250342,1697332087914701240,,,NodeB,NodeL
14/Oct/2023 21:12,863922569943187457,851739981071712257,100849,100849,0,605,100849722,100849117,1697332329917153832,,,NodeN,NodeL
15/Oct/2023 00:56,849403518862688256,877423473146789889,15002,15002,0,375,15002850,15002475,1697345811861496539,,,NodeD,NodeW
15/Oct/2023 01:46,886364701783621633,863012174249656321,15577,15576,0,389,15577245,15576856,1697348783691632832,,,NodeI,NodeO
15/Oct/2023 01:46,886364701783621633,863012174249656321,13472,13471,0,336,13472211,13471875,1697348783726985055,,,NodeI,NodeO
15/Oct/2023 01:46,886364701783621633,863012174249656321,17120,17120,0,428,17120936,17120508,1697348783727425047,,,NodeI,NodeO
15/Oct/2023 01:46,886364701783621633,863012174249656321,10104,10103,0,252,10104158,10103906,1697348783727959500,,,NodeI,NodeO
15/Oct/2023 01:46,886364701783621633,863012174249656321,15577,15576,0,389,15577244,15576855,1697348783728032351,,,NodeI,NodeO
15/Oct/2023 03:25,886364701783621633,889711615170117633,21,21,0,0,21000,21000,1697354707370984076,,,NodeY,NodeO
15/Oct/2023 03:39,832334700297977856,881523552023150593,193976,193975,1,1163,193976982,193975819,1697355549318860930,,,NodeF,NodeE
15/Oct/2023 03:39,832334700297977856,881523552023150593,452054,452051,2,2712,452054273,452051561,1697355555102281179,,,NodeF,NodeE
15/Oct/2023 06:14,863922569943187457,890418601129541632,20007,20006,0,820,20007320,20006500,1697364885175365457,,,NodeB,NodeL
15/Oct/2023 06:15,863922569943187457,890418601129541632,10004,10003,0,410,10004160,10003750,1697364954762496190,,,NodeB,NodeL
15/Oct/2023 07:12,863922569943187457,890418601129541632,2500,2500,0,102,2500787,2500685,1697368372265868410,,,NodeB,NodeL
15/Oct/2023 07:31,863922569943187457,890418601129541632,5001,5001,0,205,5001575,5001370,1697369492107467736,,,NodeB,NodeL
15/Oct/2023 07:31,863922569943187457,890418601129541632,2500,2500,0,102,2500787,2500685,1697369497979804417,,,NodeB,NodeL
15/Oct/2023 07:32,863922569943187457,890418601129541632,2500,2500,0,102,2500787,2500685,1697369559743114772,,,NodeB,NodeL
15/Oct/2023 07:32,863922569943187457,890418601129541632,2500,2500,0,102,2500787,2500685,1697369563399169723,,,NodeB,NodeL
15/Oct/2023 07:35,863922569943187457,890418601129541632,5001,5001,0,205,5001575,5001370,1697369701713162203,,,NodeB,NodeL
15/Oct/2023 07:38,863922569943187457,890418601129541632,1250,1250,0,51,1250393,1250342,1697369918186623343,,,NodeB,NodeL
15/Oct/2023 07:44,863922569943187457,890418601129541632,1250,1250,0,51,1250393,1250342,1697370275884980965,,,NodeB,NodeL
15/Oct/2023 07:51,863922569943187457,890418601129541632,1250,1250,0,51,1250393,1250342,1697370701070963384,,,NodeB,NodeL
15/Oct/2023 08:34,889711615170117633,849403518862688256,1,1,0,1,1001,1000,1697373286069832504,,,NodeW,NodeY
15/Oct/2023 08:39,886364701783621633,889711615170117633,21,21,0,0,21000,21000,1697373573701748182,,,NodeY,NodeO
15/Oct/2023 09:03,886364701783621633,890418601129541632,26645,26644,1,1092,26645442,26644350,1697375033503874880,,,NodeB,NodeO
15/Oct/2023 09:11,881122230339371010,890418601129541632,1250,1250,0,51,1250393,1250342,1697375505352489251,,,NodeB,NodeS
15/Oct/2023 09:15,881122230339371010,890418601129541632,10003,10002,0,410,10003150,10002740,1697375742564970718,,,NodeB,NodeS
15/Oct/2023 09:16,881122230339371010,890418601129541632,5001,5001,0,205,5001575,5001370,1697375768316155455,,,NodeB,NodeS
15/Oct/2023 09:16,881122230339371010,890418601129541632,1250,1250,0,51,1250393,1250342,1697375803982591544,,,NodeB,NodeS
15/Oct/2023 09:38,890418601129541632,849403518862688256,16541,16540,0,413,16541238,16540825,1697377109015767368,,,NodeW,NodeB
15/Oct/2023 09:41,890418601129541632,849403518862688256,9100,9100,0,227,9100682,9100455,1697377312773512242,,,NodeW,NodeB
15/Oct/2023 10:22,886364701783621633,889711615170117633,21,21,0,0,21000,21000,1697379740513655137,,,NodeY,NodeO
15/Oct/2023 10:47,832334700297977856,886364701783621633,103418,103416,2,2585,103418619,103416034,1697381260544820939,,,NodeO,NodeE
15/Oct/2023 10:47,832334700297977856,886364701783621633,125136,125133,3,3128,125136379,125133251,1697381269281797476,,,NodeO,NodeE
15/Oct/2023 10:49,832334700297977856,886364701783621633,91604,91601,2,2290,91604206,91601916,1697381349521243955,,,NodeO,NodeE
15/Oct/2023 10:51,832334700297977856,886364701783621633,55419,55418,1,1385,55419939,55418554,1697381461902398163,,,NodeO,NodeE
15/Oct/2023 11:10,886364701783621633,889711615170117633,21,21,0,0,21000,21000,1697382654428317191,,,NodeY,NodeO
15/Oct/2023 11:40,886364701783621633,889711615170117633,21,21,0,0,21000,21000,1697384451473840194,,,NodeY,NodeO
15/Oct/2023 12:43,863922569943187457,890418601129541632,2500,2500,0,102,2500787,2500685,1697388236543603331,,,NodeB,NodeL
15/Oct/2023 12:45,881122230339371010,890418601129541632,625,625,0,25,625196,625171,1697388353200799901,,,NodeB,NodeS
15/Oct/2023 12:45,881122230339371010,890418601129541632,625,625,0,25,625196,625171,1697388354432286617,,,NodeB,NodeS
15/Oct/2023 12:46,863922569943187457,890418601129541632,1250,1250,0,51,1250393,1250342,1697388380209873463,,,NodeB,NodeL
15/Oct/2023 14:21,886364701783621633,889711615170117633,21,21,0,0,21000,21000,1697394107970648603,,,NodeY,NodeO
15/Oct/2023 14:39,886364701783621633,889711615170117633,21,21,0,0,21000,21000,1697395175149349050,,,NodeY,NodeO
15/Oct/2023 14:47,886364701783621633,889711615170117633,21,21,0,0,21000,21000,1697395677892275431,,,NodeY,NodeO
15/Oct/2023 14:55,886364701783621633,889711615170117633,21,21,0,0,21000,21000,1697396130507840224,,,NodeY,NodeO
15/Oct/2023 15:11,886364701783621633,889711615170117633,21,21,0,0,21000,21000,1697397088834060038,,,NodeY,NodeO
15/Oct/2023 15:40,886364701783621633,889711615170117633,21,21,0,0,21000,21000,1697398826645390436,,,NodeY,NodeO
15/Oct/2023 15:49,886364701783621633,889711615170117633,21,21,0,0,21000,21000,1697399382421886551,,,NodeY,NodeO
15/Oct/2023 15:52,886364701783621633,889711615170117633,21,21,0,0,21000,21000,1697399550704895044,,,NodeY,NodeO
15/Oct/2023 16:06,886364701783621633,889711615170117633,21,21,0,0,21000,21000,1697400383270574067,,,NodeY,NodeO
15/Oct/2023 16:09,886364701783621633,889711615170117633,21,21,0,0,21000,21000,1697400563199540540,,,NodeY,NodeO
15/Oct/2023 16:17,886364701783621633,889711615170117633,21,21,0,0,21000,21000,1697401049526000123,,,NodeY,NodeO
15/Oct/2023 16:35,863922569943187457,890418601129541632,10004,10003,0,410,10004150,10003740,1697402115471650845,,,NodeB,NodeL
15/Oct/2023 16:37,886364701783621633,889711615170117633,21,21,0,0,21000,21000,1697402224070957266,,,NodeY,NodeO
15/Oct/2023 16:43,863922569943187457,890418601129541632,5001,5001,0,205,5001570,5001365,1697402587119601013,,,NodeB,NodeL
15/Oct/2023 16:56,886364701783621633,889711615170117633,21,21,0,0,21000,21000,1697403365653610086,,,NodeY,NodeO
15/Oct/2023 17:02,863922569943187457,890418601129541632,40013,40011,1,1640,40013600,40011960,1697403729373220929,,,NodeB,NodeL
15/Oct/2023 17:02,863922569943187457,890418601129541632,10004,10003,0,410,10004150,10003740,1697403767126131463,,,NodeB,NodeL
15/Oct/2023 17:02,863922569943187457,890418601129541632,5001,5001,0,205,5001570,5001365,1697403779357908294,,,NodeB,NodeL
15/Oct/2023 17:03,863922569943187457,890418601129541632,1250,1250,0,51,1250392,1250341,1697403784805012384,,,NodeB,NodeL
15/Oct/2023 17:05,863922569943187457,890418601129541632,1250,1250,0,51,1250392,1250341,1697403916580541259,,,NodeB,NodeL
15/Oct/2023 17:35,886364701783621633,889711615170117633,21,21,0,0,21000,21000,1697405720575869606,,,NodeY,NodeO
15/Oct/2023 17:44,886364701783621633,889711615170117633,21,21,0,0,21000,21000,1697406254813376772,,,NodeY,NodeO
15/Oct/2023 18:14,886364701783621633,889711615170117633,21,21,0,0,21000,21000,1697408082217703203,,,NodeY,NodeO
15/Oct/2023 19:20,886364701783621633,889711615170117633,21,21,0,0,21000,21000,1697412019508926976,,,NodeY,NodeO
15/Oct/2023 19:32,863922569943187457,890418601129541632,10002,10002,0,250,10002980,10002730,1697412761319555398,,,NodeB,NodeL
15/Oct/2023 19:32,863922569943187457,890418601129541632,2500,2500,0,62,2500744,2500682,1697412768611583388,,,NodeB,NodeL
15/Oct/2023 19:32,863922569943187457,890418601129541632,1250,1250,0,31,1250372,1250341,1697412773883609518,,,NodeB,NodeL
15/Oct/2023 20:12,865083654163988481,889711615170117633,21,21,0,0,21000,21000,1697415176227458056,,,NodeY,Node1
15/Oct/2023 20:31,863922569943187457,890418601129541632,40012,40011,1,1000,40012960,40011960,1697416262011616613,,,NodeB,NodeL
15/Oct/2023 20:31,863922569943187457,890418601129541632,20006,20006,0,500,20006980,20006480,1697416267996187606,,,NodeB,NodeL
15/Oct/2023 20:42,863922569943187457,890418601129541632,2500,2500,0,62,2500744,2500682,1697416971303569004,,,NodeB,NodeL
15/Oct/2023 20:46,863922569943187457,890418601129541632,1250,1250,0,31,1250372,1250341,1697417196459365619,,,NodeB,NodeL
15/Oct/2023 23:21,863922569943187457,860342560075546625,93204,93203,0,279,93204124,93203845,1697426499551176499,,,Node2,NodeL